{"cameraMode":{"drawMode":0,"name":"Shaded","section":"Shading Mode"},"sceneLighting":false,"audioPlay":false,"sceneViewState":{"showFog":true,"showMaterialUpdate":true,"showSkybox":false,"showFlares":true,"showImageEffects":true,"showParticleSystems":true},"in2DMode":false,"pivot":{"x":-9.126376152038575,"y":2.375,"z":8.663846015930176},"rotation":{"x":0.006583475973457098,"y":-0.9431672096252441,"z":0.3319387137889862,"w":0.019340014085173608},"size":6.210567474365234,"orthographic":false}