{"cameraMode":{"drawMode":0,"name":"Shaded","section":"Shading Mode"},"sceneLighting":false,"audioPlay":false,"sceneViewState":{"showFog":true,"showMaterialUpdate":true,"showSkybox":true,"showFlares":true,"showImageEffects":true,"showParticleSystems":true},"in2DMode":false,"pivot":{"x":-1105.491943359375,"y":-186.106201171875,"z":-865.2314453125},"rotation":{"x":0.08809011429548264,"y":0.9119033217430115,"z":-0.2814835011959076,"w":0.28538164496421816},"size":210.78817749023438,"orthographic":false}