{"cameraMode":{"drawMode":0,"name":"Shaded","section":"Shading Mode"},"sceneLighting":false,"audioPlay":false,"sceneViewState":{"showFog":true,"showMaterialUpdate":true,"showSkybox":true,"showFlares":true,"showImageEffects":true,"showParticleSystems":true},"in2DMode":false,"pivot":{"x":-1346.28955078125,"y":-53.62476348876953,"z":-9.8345947265625},"rotation":{"x":0.2288712114095688,"y":0.025694407522678376,"z":-0.0060432287864387039,"w":0.973098874092102},"size":118.81189727783203,"orthographic":false}