{"cameraMode":{"drawMode":0,"name":"Shaded","section":"Shading Mode"},"sceneLighting":false,"audioPlay":false,"sceneViewState":{"showFog":true,"showMaterialUpdate":false,"showSkybox":true,"showFlares":true,"showImageEffects":true,"showParticleSystems":true},"in2DMode":false,"pivot":{"x":-1408.792724609375,"y":91.45506286621094,"z":187.7037353515625},"rotation":{"x":0.2358119934797287,"y":0.10181812196969986,"z":-0.024851670488715173,"w":0.9661297798156738},"size":24.923067092895509,"orthographic":true}