{"cameraMode":{"drawMode":0,"name":"Shaded","section":"Shading Mode"},"sceneLighting":false,"audioPlay":false,"sceneViewState":{"showFog":true,"showMaterialUpdate":true,"showSkybox":true,"showFlares":true,"showImageEffects":true,"showParticleSystems":true},"in2DMode":false,"pivot":{"x":-1379.578125,"y":71.942138671875,"z":279.92041015625},"rotation":{"x":-0.3215552270412445,"y":0.27508309483528139,"z":-0.09821069240570069,"w":-0.9007195234298706},"size":15.132776260375977,"orthographic":true}