{"cameraMode":{"drawMode":0,"name":"Shaded","section":"Shading Mode"},"sceneLighting":false,"audioPlay":false,"sceneViewState":{"showFog":true,"showMaterialUpdate":true,"showSkybox":true,"showFlares":true,"showImageEffects":true,"showParticleSystems":true},"in2DMode":false,"pivot":{"x":-1408.4925537109375,"y":51.99062728881836,"z":315.36700439453127},"rotation":{"x":-0.15094991028308869,"y":0.44904452562332156,"z":-0.07726575434207916,"w":-0.8772736191749573},"size":39.384124755859378,"orthographic":false}