{"cameraMode":{"drawMode":0,"name":"Shaded","section":"Shading Mode"},"sceneLighting":false,"audioPlay":false,"sceneViewState":{"showFog":true,"showMaterialUpdate":false,"showSkybox":true,"showFlares":true,"showImageEffects":true,"showParticleSystems":true},"in2DMode":false,"pivot":{"x":-992.2102661132813,"y":10.352729797363282,"z":-56.382408142089847},"rotation":{"x":0.2280864268541336,"y":0.31888347864151,"z":-0.07934533804655075,"w":0.9165371656417847},"size":61.8222541809082,"orthographic":false}