{"cameraMode":{"drawMode":0,"name":"Shaded","section":"Shading Mode"},"sceneLighting":false,"audioPlay":false,"sceneViewState":{"showFog":true,"showMaterialUpdate":false,"showSkybox":true,"showFlares":true,"showImageEffects":true,"showParticleSystems":true},"in2DMode":false,"pivot":{"x":-1431.6065673828125,"y":36.554595947265628,"z":290.8771667480469},"rotation":{"x":-0.28135454654693606,"y":0.2867346405982971,"z":-0.08850564807653427,"w":-0.9114811420440674},"size":22.603132247924806,"orthographic":false}