{"cameraMode":{"drawMode":0,"name":"Shaded","section":"Shading Mode"},"sceneLighting":false,"audioPlay":false,"sceneViewState":{"showFog":true,"showMaterialUpdate":true,"showSkybox":true,"showFlares":true,"showImageEffects":true,"showParticleSystems":true},"in2DMode":false,"pivot":{"x":-1640.6868896484375,"y":54.758663177490237,"z":78.00521850585938},"rotation":{"x":0.16047589480876923,"y":-0.052067019045352939,"z":0.00869397260248661,"w":0.9857064485549927},"size":17.760574340820314,"orthographic":false}