{"cameraMode":{"drawMode":0,"name":"Shaded","section":"Shading Mode"},"sceneLighting":false,"audioPlay":false,"sceneViewState":{"showFog":true,"showMaterialUpdate":true,"showSkybox":false,"showFlares":true,"showImageEffects":true,"showParticleSystems":true},"in2DMode":false,"pivot":{"x":-1406.21337890625,"y":62.12147521972656,"z":285.0958251953125},"rotation":{"x":0.16751129925251008,"y":0.7834740877151489,"z":-0.23927061259746552,"w":0.5485153198242188},"size":1.6534829139709473,"orthographic":false}