{"cameraMode":{"drawMode":0,"name":"Shaded","section":"Shading Mode"},"sceneLighting":false,"audioPlay":false,"sceneViewState":{"showFog":true,"showMaterialUpdate":true,"showSkybox":true,"showFlares":true,"showImageEffects":true,"showParticleSystems":true},"in2DMode":false,"pivot":{"x":-1622.7034912109375,"y":-28.88006591796875,"z":157.9839324951172},"rotation":{"x":-0.536490261554718,"y":-0.019416626542806627,"z":0.012006405740976334,"w":-0.8436592221260071},"size":132.5796356201172,"orthographic":false}