{"cameraMode":{"drawMode":0,"name":"Shaded","section":"Shading Mode"},"sceneLighting":false,"audioPlay":false,"sceneViewState":{"showFog":true,"showMaterialUpdate":true,"showSkybox":true,"showFlares":true,"showImageEffects":true,"showParticleSystems":true},"in2DMode":false,"pivot":{"x":-1414.68505859375,"y":64.1924057006836,"z":290.28350830078127},"rotation":{"x":0.10694577544927597,"y":0.38724204897880556,"z":-0.04528038203716278,"w":0.9146398901939392},"size":0.27395159006118777,"orthographic":false}