{"cameraMode":{"drawMode":0,"name":"Shaded","section":"Shading Mode"},"sceneLighting":false,"audioPlay":false,"sceneViewState":{"showFog":true,"showMaterialUpdate":true,"showSkybox":true,"showFlares":true,"showImageEffects":true,"showParticleSystems":true},"in2DMode":false,"pivot":{"x":-926.9185791015625,"y":-12.767425537109375,"z":-24.418014526367189},"rotation":{"x":0.267546147108078,"y":0.44273948669433596,"z":-0.14030882716178895,"w":0.8442291021347046},"size":97.30912780761719,"orthographic":false}