{"cameraMode":{"drawMode":0,"name":"Shaded","section":"Shading Mode"},"sceneLighting":false,"audioPlay":false,"sceneViewState":{"showFog":true,"showMaterialUpdate":true,"showSkybox":true,"showFlares":true,"showImageEffects":true,"showParticleSystems":true},"in2DMode":false,"pivot":{"x":-1307.8931884765625,"y":-109.82170104980469,"z":30.7579345703125},"rotation":{"x":0.34483543038368227,"y":0.16492164134979249,"z":-0.0616767518222332,"w":0.9220069646835327},"size":213.8385467529297,"orthographic":false}