{"cameraMode":{"drawMode":0,"name":"Shaded","section":"Shading Mode"},"sceneLighting":false,"audioPlay":false,"sceneViewState":{"showFog":true,"showMaterialUpdate":false,"showSkybox":true,"showFlares":true,"showImageEffects":true,"showParticleSystems":true},"in2DMode":false,"pivot":{"x":-1626.90771484375,"y":47.248992919921878,"z":90.33883666992188},"rotation":{"x":-0.4851832091808319,"y":0.5115485787391663,"z":-0.4607396423816681,"w":-0.5392853021621704},"size":115.66258239746094,"orthographic":false}