{"cameraMode":{"drawMode":0,"name":"Shaded","section":"Shading Mode"},"sceneLighting":false,"audioPlay":false,"sceneViewState":{"showFog":true,"showMaterialUpdate":true,"showSkybox":true,"showFlares":true,"showImageEffects":true,"showParticleSystems":true},"in2DMode":false,"pivot":{"x":-980.982666015625,"y":-34.15495300292969,"z":-53.04484558105469},"rotation":{"x":0.3555682897567749,"y":0.2367466539144516,"z":-0.09361805021762848,"w":0.8993650078773499},"size":100.18302917480469,"orthographic":false}