{"cameraMode":{"drawMode":0,"name":"Shaded","section":"Shading Mode"},"sceneLighting":true,"audioPlay":false,"sceneViewState":{"showFog":true,"showMaterialUpdate":true,"showSkybox":true,"showFlares":true,"showImageEffects":true,"showParticleSystems":true},"in2DMode":false,"pivot":{"x":-1595.41796875,"y":33.996185302734378,"z":197.09967041015626},"rotation":{"x":0.2138710916042328,"y":-0.780430793762207,"z":0.3593350350856781,"w":0.4649536907672882},"size":42.11997604370117,"orthographic":false}