{"cameraMode":{"drawMode":0,"name":"Shaded","section":"Shading Mode"},"sceneLighting":false,"audioPlay":false,"sceneViewState":{"showFog":true,"showMaterialUpdate":true,"showSkybox":true,"showFlares":true,"showImageEffects":true,"showParticleSystems":true},"in2DMode":false,"pivot":{"x":-1377.1201171875,"y":81.97021484375,"z":263.30712890625},"rotation":{"x":-0.26832833886146548,"y":0.4911370575428009,"z":-0.16215775907039643,"w":-0.8127044439315796},"size":7.233789920806885,"orthographic":true}