{"cameraMode":{"drawMode":0,"name":"Shaded","section":"Shading Mode"},"sceneLighting":false,"audioPlay":false,"sceneViewState":{"showFog":true,"showMaterialUpdate":true,"showSkybox":true,"showFlares":true,"showImageEffects":true,"showParticleSystems":true},"in2DMode":false,"pivot":{"x":-1381.910400390625,"y":100.06290435791016,"z":249.768310546875},"rotation":{"x":0.2572537660598755,"y":-0.4809473156929016,"z":0.15003924071788789,"w":0.8246217966079712},"size":11.386297225952149,"orthographic":false}