{"cameraMode":{"drawMode":0,"name":"Shaded","section":"Shading Mode"},"sceneLighting":false,"audioPlay":false,"sceneViewState":{"showFog":true,"showMaterialUpdate":true,"showSkybox":true,"showFlares":true,"showImageEffects":true,"showParticleSystems":true},"in2DMode":false,"pivot":{"x":-1401.2252197265625,"y":37.64122009277344,"z":325.30389404296877},"rotation":{"x":-0.31422001123428347,"y":0.11047891527414322,"z":-0.03684227541089058,"w":-0.9421942830085754},"size":20.121896743774415,"orthographic":false}