{"cameraMode":{"drawMode":0,"name":"Shaded","section":"Shading Mode"},"sceneLighting":false,"audioPlay":false,"sceneViewState":{"showFog":true,"showMaterialUpdate":false,"showSkybox":true,"showFlares":true,"showImageEffects":true,"showParticleSystems":true},"in2DMode":false,"pivot":{"x":-1356.11083984375,"y":-383.1087646484375,"z":57.547119140625},"rotation":{"x":-0.2788263261318207,"y":0.2848365306854248,"z":-0.08698383718729019,"w":-0.9130030274391174},"size":507.5426940917969,"orthographic":false}