{"cameraMode":{"drawMode":0,"name":"Shaded","section":"Shading Mode"},"sceneLighting":false,"audioPlay":false,"sceneViewState":{"showFog":true,"showMaterialUpdate":false,"showSkybox":true,"showFlares":true,"showImageEffects":true,"showParticleSystems":true},"in2DMode":false,"pivot":{"x":-1351.7462158203125,"y":48.338565826416019,"z":376.8653564453125},"rotation":{"x":-0.061766333878040317,"y":-0.19315895438194276,"z":0.012195962481200695,"w":-0.9791595935821533},"size":64.794921875,"orthographic":false}