{"cameraMode":{"drawMode":0,"name":"Shaded","section":"Shading Mode"},"sceneLighting":false,"audioPlay":false,"sceneViewState":{"showFog":true,"showMaterialUpdate":false,"showSkybox":true,"showFlares":true,"showImageEffects":true,"showParticleSystems":true},"in2DMode":false,"pivot":{"x":-1377.158203125,"y":66.966796875,"z":261.303955078125},"rotation":{"x":0.17842090129852296,"y":0.44717803597450259,"z":-0.09153152257204056,"w":0.8716774582862854},"size":10.254338264465332,"orthographic":true}