{"cameraMode":{"drawMode":0,"name":"Shaded","section":"Shading Mode"},"sceneLighting":false,"audioPlay":false,"sceneViewState":{"showFog":true,"showMaterialUpdate":true,"showSkybox":true,"showFlares":true,"showImageEffects":true,"showParticleSystems":true},"in2DMode":false,"pivot":{"x":-1423.6572265625,"y":54.604957580566409,"z":268.19793701171877},"rotation":{"x":0.1528913527727127,"y":-0.44181543588638308,"z":0.07670354843139649,"w":0.8806499242782593},"size":20.24355125427246,"orthographic":false}