{"cameraMode":{"drawMode":0,"name":"Shaded","section":"Shading Mode"},"sceneLighting":false,"audioPlay":false,"sceneViewState":{"showFog":true,"showMaterialUpdate":true,"showSkybox":true,"showFlares":true,"showImageEffects":true,"showParticleSystems":true},"in2DMode":false,"pivot":{"x":-1227.3546142578125,"y":-20.209457397460939,"z":-46.389190673828128},"rotation":{"x":0.2506601810455322,"y":0.30103740096092226,"z":-0.08234298974275589,"w":0.916387140750885},"size":217.18016052246095,"orthographic":false}