{"cameraMode":{"drawMode":0,"name":"Shaded","section":"Shading Mode"},"sceneLighting":false,"audioPlay":false,"sceneViewState":{"showFog":true,"showMaterialUpdate":false,"showSkybox":true,"showFlares":true,"showImageEffects":true,"showParticleSystems":true},"in2DMode":false,"pivot":{"x":-1490.7216796875,"y":-227.26446533203126,"z":739.583251953125},"rotation":{"x":0.22228969633579255,"y":-0.11957266926765442,"z":0.027480456978082658,"w":0.9672303795814514},"size":479.4914245605469,"orthographic":false}