{"cameraMode":{"drawMode":0,"name":"Shaded","section":"Shading Mode"},"sceneLighting":false,"audioPlay":false,"sceneViewState":{"showFog":true,"showMaterialUpdate":false,"showSkybox":true,"showFlares":true,"showImageEffects":true,"showParticleSystems":true},"in2DMode":false,"pivot":{"x":-1410.628173828125,"y":40.016353607177737,"z":309.5030212402344},"rotation":{"x":-0.1889999657869339,"y":0.3274342119693756,"z":-0.0670187845826149,"w":-0.9233542084693909},"size":29.256698608398439,"orthographic":false}