{"cameraMode":{"drawMode":0,"name":"Shaded","section":"Shading Mode"},"sceneLighting":false,"audioPlay":false,"sceneViewState":{"showFog":true,"showMaterialUpdate":true,"showSkybox":true,"showFlares":true,"showImageEffects":true,"showParticleSystems":true},"in2DMode":false,"pivot":{"x":-1563.8087158203125,"y":21.452835083007814,"z":212.23939514160157},"rotation":{"x":-0.5037124156951904,"y":-0.2206367701292038,"z":0.13445600867271424,"w":-0.8243897557258606},"size":13.877671241760254,"orthographic":false}