{"cameraMode":{"drawMode":0,"name":"Shaded","section":"Shading Mode"},"sceneLighting":false,"audioPlay":false,"sceneViewState":{"showFog":true,"showMaterialUpdate":false,"showSkybox":true,"showFlares":true,"showImageEffects":true,"showParticleSystems":true},"in2DMode":false,"pivot":{"x":-1362.54345703125,"y":86.87054443359375,"z":246.58853149414063},"rotation":{"x":0.2632286548614502,"y":-0.014470120891928673,"z":0.003948775120079517,"w":0.9646164774894714},"size":52.23198318481445,"orthographic":false}