{"cameraMode":{"drawMode":0,"name":"Shaded","section":"Shading Mode"},"sceneLighting":true,"audioPlay":false,"sceneViewState":{"showFog":true,"showMaterialUpdate":true,"showSkybox":true,"showFlares":true,"showImageEffects":true,"showParticleSystems":true},"in2DMode":false,"pivot":{"x":-1562.5706787109375,"y":23.260927200317384,"z":155.41868591308595},"rotation":{"x":-0.005883993115276098,"y":-0.9920271039009094,"z":0.04852697253227234,"w":-0.1165698692202568},"size":38.89101791381836,"orthographic":false}