{"cameraMode":{"drawMode":0,"name":"Shaded","section":"Shading Mode"},"sceneLighting":true,"audioPlay":false,"sceneViewState":{"showFog":true,"showMaterialUpdate":true,"showSkybox":true,"showFlares":true,"showImageEffects":true,"showParticleSystems":true},"in2DMode":false,"pivot":{"x":-1623.9041748046875,"y":31.377582550048829,"z":252.2624969482422},"rotation":{"x":0.06656879186630249,"y":-0.9215428233146668,"z":0.18292281031608582,"w":0.3361307978630066},"size":14.893820762634278,"orthographic":false}