{"cameraMode":{"drawMode":0,"name":"Shaded","section":"Shading Mode"},"sceneLighting":false,"audioPlay":false,"sceneViewState":{"showFog":true,"showMaterialUpdate":true,"showSkybox":true,"showFlares":true,"showImageEffects":true,"showParticleSystems":true},"in2DMode":false,"pivot":{"x":-1401.703125,"y":57.139190673828128,"z":281.0325927734375},"rotation":{"x":0.21119548380374909,"y":-0.09835182875394821,"z":0.021363666281104089,"w":0.9722567796707153},"size":18.043804168701173,"orthographic":false}