{"cameraMode":{"drawMode":0,"name":"Shaded","section":"Shading Mode"},"sceneLighting":false,"audioPlay":false,"sceneViewState":{"showFog":true,"showMaterialUpdate":true,"showSkybox":true,"showFlares":true,"showImageEffects":true,"showParticleSystems":true},"in2DMode":false,"pivot":{"x":-986.4599609375,"y":-0.39820289611816409,"z":-65.25215911865235},"rotation":{"x":0.4263365566730499,"y":0.18630507588386537,"z":-0.09020254015922547,"w":0.880564272403717},"size":35.79746627807617,"orthographic":false}