{"cameraMode":{"drawMode":0,"name":"Shaded","section":"Shading Mode"},"sceneLighting":true,"audioPlay":false,"sceneViewState":{"showFog":true,"showMaterialUpdate":true,"showSkybox":true,"showFlares":true,"showImageEffects":true,"showParticleSystems":true},"in2DMode":false,"pivot":{"x":-1341.0875244140625,"y":49.78615188598633,"z":-208.32760620117188},"rotation":{"x":0.29995492100715639,"y":0.17284251749515534,"z":-0.05511940270662308,"w":0.9365947246551514},"size":33.72445297241211,"orthographic":false}