{"cameraMode":{"drawMode":0,"name":"Shaded","section":"Shading Mode"},"sceneLighting":false,"audioPlay":false,"sceneViewState":{"showFog":true,"showMaterialUpdate":false,"showSkybox":true,"showFlares":true,"showImageEffects":true,"showParticleSystems":true},"in2DMode":false,"pivot":{"x":-1296.8341064453125,"y":208.7357635498047,"z":132.75392150878907},"rotation":{"x":0.2615632116794586,"y":-0.6286873817443848,"z":0.23723483085632325,"w":0.6928962469100952},"size":18.821483612060548,"orthographic":false}