{"cameraMode":{"drawMode":0,"name":"Shaded","section":"Shading Mode"},"sceneLighting":false,"audioPlay":false,"sceneViewState":{"showFog":true,"showMaterialUpdate":true,"showSkybox":false,"showFlares":true,"showImageEffects":true,"showParticleSystems":true},"in2DMode":false,"pivot":{"x":1.9014737606048585,"y":-1.2694412469863892,"z":8.345762252807618},"rotation":{"x":0.10865148156881333,"y":0.19407640397548676,"z":-0.02158508636057377,"w":0.9747342467308044},"size":6.866736888885498,"orthographic":false}