{"cameraMode":{"drawMode":0,"name":"Shaded","section":"Shading Mode"},"sceneLighting":false,"audioPlay":false,"sceneViewState":{"showFog":true,"showMaterialUpdate":true,"showSkybox":true,"showFlares":true,"showImageEffects":true,"showParticleSystems":true},"in2DMode":false,"pivot":{"x":-1295.56396484375,"y":-23.614227294921876,"z":-316.6897277832031},"rotation":{"x":0.19035686552524568,"y":-0.23594294488430024,"z":0.04718916490674019,"w":0.9517714977264404},"size":211.47132873535157,"orthographic":false}