{"cameraMode":{"drawMode":0,"name":"Shaded","section":"Shading Mode"},"sceneLighting":false,"audioPlay":false,"sceneViewState":{"showFog":true,"showMaterialUpdate":true,"showSkybox":true,"showFlares":true,"showImageEffects":true,"showParticleSystems":true},"in2DMode":false,"pivot":{"x":-999.355712890625,"y":-34.970237731933597,"z":-65.22029876708985},"rotation":{"x":0.313285768032074,"y":0.26440685987472536,"z":-0.09127523750066757,"w":0.9075301289558411},"size":75.25596618652344,"orthographic":false}