{"cameraMode":{"drawMode":0,"name":"Shaded","section":"Shading Mode"},"sceneLighting":false,"audioPlay":false,"sceneViewState":{"showFog":true,"showMaterialUpdate":false,"showSkybox":true,"showFlares":true,"showImageEffects":true,"showParticleSystems":true},"in2DMode":false,"pivot":{"x":-972.8375854492188,"y":10.77930736541748,"z":-30.141891479492189},"rotation":{"x":-0.05892997980117798,"y":-0.12040095776319504,"z":0.007159859407693148,"w":-0.9909511208534241},"size":17.58775520324707,"orthographic":false}