{"cameraMode":{"drawMode":0,"name":"Shaded","section":"Shading Mode"},"sceneLighting":false,"audioPlay":false,"sceneViewState":{"showFog":true,"showMaterialUpdate":false,"showSkybox":true,"showFlares":true,"showImageEffects":true,"showParticleSystems":true},"in2DMode":false,"pivot":{"x":-1356.4686279296875,"y":10.089065551757813,"z":359.5474548339844},"rotation":{"x":-0.3158475458621979,"y":-0.1047704666852951,"z":0.03511327505111694,"w":-0.9423633217811585},"size":93.4547348022461,"orthographic":false}