{"cameraMode":{"drawMode":0,"name":"Shaded","section":"Shading Mode"},"sceneLighting":false,"audioPlay":false,"sceneViewState":{"showFog":true,"showMaterialUpdate":true,"showSkybox":true,"showFlares":true,"showImageEffects":true,"showParticleSystems":true},"in2DMode":false,"pivot":{"x":-1333.890380859375,"y":15.047828674316407,"z":-128.656005859375},"rotation":{"x":0.1925523281097412,"y":0.2498813420534134,"z":-0.05054844543337822,"w":0.9476823806762695},"size":87.83966064453125,"orthographic":false}