{"cameraMode":{"drawMode":0,"name":"Shaded","section":"Shading Mode"},"sceneLighting":false,"audioPlay":false,"sceneViewState":{"showFog":true,"showMaterialUpdate":true,"showSkybox":true,"showFlares":true,"showImageEffects":true,"showParticleSystems":true},"in2DMode":false,"pivot":{"x":-1338.319580078125,"y":-47.44651794433594,"z":-174.12844848632813},"rotation":{"x":0.47725722193717959,"y":0.19042477011680604,"z":-0.10652632266283035,"w":0.8513419032096863},"size":81.36473846435547,"orthographic":false}