{"cameraMode":{"drawMode":0,"name":"Shaded","section":"Shading Mode"},"sceneLighting":false,"audioPlay":false,"sceneViewState":{"showFog":true,"showMaterialUpdate":true,"showSkybox":true,"showFlares":true,"showImageEffects":true,"showParticleSystems":true},"in2DMode":false,"pivot":{"x":-1285.1531982421875,"y":40.80189895629883,"z":258.4584045410156},"rotation":{"x":0.08063816279172898,"y":0.726394772529602,"z":-0.08645649999380112,"w":0.6770623326301575},"size":52.56570053100586,"orthographic":false}