{"cameraMode":{"drawMode":0,"name":"Shaded","section":"Shading Mode"},"sceneLighting":false,"audioPlay":false,"sceneViewState":{"showFog":true,"showMaterialUpdate":false,"showSkybox":true,"showFlares":true,"showImageEffects":true,"showParticleSystems":true},"in2DMode":false,"pivot":{"x":-1553.495361328125,"y":31.011627197265626,"z":99.72626495361328},"rotation":{"x":0.4735531806945801,"y":-0.2872195839881897,"z":0.16663029789924622,"w":0.8158292174339294},"size":94.22776794433594,"orthographic":false}