{"cameraMode":{"drawMode":0,"name":"Shaded","section":"Shading Mode"},"sceneLighting":false,"audioPlay":false,"sceneViewState":{"showFog":true,"showMaterialUpdate":true,"showSkybox":true,"showFlares":true,"showImageEffects":true,"showParticleSystems":true},"in2DMode":false,"pivot":{"x":-1144.7308349609375,"y":0.08594894409179688,"z":-462.7789306640625},"rotation":{"x":0.16322773694992066,"y":0.26714152097702029,"z":-0.04596085846424103,"w":0.9486258625984192},"size":79.11097717285156,"orthographic":false}