{"cameraMode":{"drawMode":0,"name":"Shaded","section":"Shading Mode"},"sceneLighting":false,"audioPlay":false,"sceneViewState":{"showFog":true,"showMaterialUpdate":false,"showSkybox":true,"showFlares":true,"showImageEffects":true,"showParticleSystems":true},"in2DMode":false,"pivot":{"x":-1438.2821044921875,"y":49.41078186035156,"z":279.719970703125},"rotation":{"x":0.12097563594579697,"y":-0.540210485458374,"z":0.07882781326770783,"w":0.8290502429008484},"size":29.553043365478517,"orthographic":false}