{"cameraMode":{"drawMode":0,"name":"Shaded","section":"Shading Mode"},"sceneLighting":false,"audioPlay":false,"sceneViewState":{"showFog":true,"showMaterialUpdate":true,"showSkybox":true,"showFlares":true,"showImageEffects":true,"showParticleSystems":true},"in2DMode":false,"pivot":{"x":-1362.2999267578125,"y":52.52888870239258,"z":312.9801940917969},"rotation":{"x":0.3738994002342224,"y":0.16016292572021485,"z":-0.06572311371564865,"w":0.9111682772636414},"size":12.013160705566407,"orthographic":false}