{"cameraMode":{"drawMode":0,"name":"Shaded","section":"Shading Mode"},"sceneLighting":false,"audioPlay":false,"sceneViewState":{"showFog":true,"showMaterialUpdate":true,"showSkybox":false,"showFlares":true,"showImageEffects":true,"showParticleSystems":true},"in2DMode":false,"pivot":{"x":-0.125,"y":0.7499999403953552,"z":1.3749998807907105},"rotation":{"x":0.1070568636059761,"y":-0.4844668209552765,"z":0.05993692949414253,"w":0.8661884665489197},"size":1.7940876483917237,"orthographic":false}