{"cameraMode":{"drawMode":0,"name":"Shaded","section":"Shading Mode"},"sceneLighting":false,"audioPlay":false,"sceneViewState":{"showFog":true,"showMaterialUpdate":false,"showSkybox":true,"showFlares":true,"showImageEffects":true,"showParticleSystems":true},"in2DMode":false,"pivot":{"x":-1361.7666015625,"y":0.7102508544921875,"z":-162.8199005126953},"rotation":{"x":0.2615632116794586,"y":-0.6286873817443848,"z":0.23723483085632325,"w":0.6928962469100952},"size":101.24576568603516,"orthographic":false}