{"cameraMode":{"drawMode":0,"name":"Shaded","section":"Shading Mode"},"sceneLighting":false,"audioPlay":false,"sceneViewState":{"showFog":true,"showMaterialUpdate":false,"showSkybox":true,"showFlares":true,"showImageEffects":true,"showParticleSystems":true},"in2DMode":false,"pivot":{"x":-1372.5906982421875,"y":74.20304870605469,"z":192.6072540283203},"rotation":{"x":-0.187302365899086,"y":0.0031549411360174419,"z":-0.0008463573176413775,"w":-0.9823955297470093},"size":30.187740325927736,"orthographic":false}