{"cameraMode":{"drawMode":0,"name":"Shaded","section":"Shading Mode"},"sceneLighting":false,"audioPlay":false,"sceneViewState":{"showFog":true,"showMaterialUpdate":true,"showSkybox":true,"showFlares":true,"showImageEffects":true,"showParticleSystems":true},"in2DMode":false,"pivot":{"x":-1374.359619140625,"y":56.71912384033203,"z":282.3349304199219},"rotation":{"x":0.1610744744539261,"y":-0.5789473652839661,"z":0.11796139180660248,"w":0.7905454039573669},"size":2.3316640853881838,"orthographic":false}