{"cameraMode":{"drawMode":0,"name":"Shaded","section":"Shading Mode"},"sceneLighting":false,"audioPlay":false,"sceneViewState":{"showFog":true,"showMaterialUpdate":true,"showSkybox":false,"showFlares":true,"showImageEffects":true,"showParticleSystems":true},"in2DMode":false,"pivot":{"x":0.007500000298023224,"y":1.1249998807907105,"z":1.5682497024536133},"rotation":{"x":0.29901638627052309,"y":0.2906186580657959,"z":-0.09614484757184982,"w":0.9038217663764954},"size":1.925308108329773,"orthographic":false}