{"cameraMode":{"drawMode":0,"name":"Shaded","section":"Shading Mode"},"sceneLighting":true,"audioPlay":false,"sceneViewState":{"showFog":true,"showMaterialUpdate":false,"showSkybox":true,"showFlares":true,"showImageEffects":true,"showParticleSystems":true},"in2DMode":false,"pivot":{"x":-1699.6185302734375,"y":11.199989318847657,"z":227.3802947998047},"rotation":{"x":0.6316714286804199,"y":-0.18052376806735993,"z":0.154669851064682,"w":0.7379204630851746},"size":44.93589782714844,"orthographic":false}