{"cameraMode":{"drawMode":0,"name":"Shaded","section":"Shading Mode"},"sceneLighting":false,"audioPlay":false,"sceneViewState":{"showFog":true,"showMaterialUpdate":false,"showSkybox":true,"showFlares":true,"showImageEffects":true,"showParticleSystems":true},"in2DMode":false,"pivot":{"x":-1352.8612060546875,"y":62.07770919799805,"z":301.98529052734377},"rotation":{"x":-0.20224624872207642,"y":-0.31600889563560488,"z":0.06913842260837555,"w":-0.9243721961975098},"size":4.711418628692627,"orthographic":false}