{"cameraMode":{"drawMode":0,"name":"Shaded","section":"Shading Mode"},"sceneLighting":false,"audioPlay":false,"sceneViewState":{"showFog":true,"showMaterialUpdate":false,"showSkybox":false,"showFlares":true,"showImageEffects":true,"showParticleSystems":true},"in2DMode":false,"pivot":{"x":4.775915622711182,"y":1.0562443733215333,"z":-4.857776641845703},"rotation":{"x":0.06333798170089722,"y":0.934027910232544,"z":-0.28218579292297366,"w":0.20964820683002473},"size":9.677173614501954,"orthographic":true}