{"cameraMode":{"drawMode":0,"name":"Shaded","section":"Shading Mode"},"sceneLighting":true,"audioPlay":false,"sceneViewState":{"showFog":true,"showMaterialUpdate":false,"showSkybox":true,"showFlares":true,"showImageEffects":true,"showParticleSystems":true},"in2DMode":false,"pivot":{"x":-1640.3746337890625,"y":-366.3099365234375,"z":356.3960266113281},"rotation":{"x":-0.386495441198349,"y":-0.39700624346733096,"z":0.8106690049171448,"w":-0.1892828345298767},"size":330.45526123046877,"orthographic":false}