{"cameraMode":{"drawMode":0,"name":"Shaded","section":"Shading Mode"},"sceneLighting":false,"audioPlay":false,"sceneViewState":{"showFog":true,"showMaterialUpdate":false,"showSkybox":true,"showFlares":true,"showImageEffects":true,"showParticleSystems":true},"in2DMode":false,"pivot":{"x":-1385.97412109375,"y":64.48249816894531,"z":289.4597473144531},"rotation":{"x":-0.0378163605928421,"y":0.9151851534843445,"z":-0.08841359615325928,"w":-0.3914143145084381},"size":3.572662830352783,"orthographic":false}