{"cameraMode":{"drawMode":0,"name":"Shaded","section":"Shading Mode"},"sceneLighting":true,"audioPlay":false,"sceneViewState":{"showFog":true,"showMaterialUpdate":false,"showSkybox":true,"showFlares":true,"showImageEffects":true,"showParticleSystems":true},"in2DMode":false,"pivot":{"x":-1300.303955078125,"y":22.18646240234375,"z":426.4617919921875},"rotation":{"x":0.22954823076725007,"y":-0.04784972965717316,"z":0.011299370788037777,"w":0.972057580947876},"size":149.43801879882813,"orthographic":false}