{"cameraMode":{"drawMode":0,"name":"Shaded","section":"Shading Mode"},"sceneLighting":false,"audioPlay":false,"sceneViewState":{"showFog":true,"showMaterialUpdate":false,"showSkybox":true,"showFlares":true,"showImageEffects":true,"showParticleSystems":true},"in2DMode":false,"pivot":{"x":-1390.1778564453125,"y":61.053497314453128,"z":255.00747680664063},"rotation":{"x":0.19464421272277833,"y":0.005885199178010225,"z":-0.0011686371872201563,"w":0.9808564782142639},"size":77.78778076171875,"orthographic":false}