{"cameraMode":{"drawMode":0,"name":"Shaded","section":"Shading Mode"},"sceneLighting":false,"audioPlay":false,"sceneViewState":{"showFog":true,"showMaterialUpdate":false,"showSkybox":true,"showFlares":true,"showImageEffects":true,"showParticleSystems":true},"in2DMode":false,"pivot":{"x":-1416.45263671875,"y":59.84088134765625,"z":267.97412109375},"rotation":{"x":0.10868396610021591,"y":0.0021174622233957054,"z":-0.0002296283928444609,"w":0.9940841197967529},"size":10.187899589538575,"orthographic":false}