{"cameraMode":{"drawMode":0,"name":"Shaded","section":"Shading Mode"},"sceneLighting":false,"audioPlay":false,"sceneViewState":{"showFog":true,"showMaterialUpdate":false,"showSkybox":true,"showFlares":true,"showImageEffects":true,"showParticleSystems":true},"in2DMode":false,"pivot":{"x":-1399.23828125,"y":59.3046875,"z":289.1289367675781},"rotation":{"x":0.26149001717567446,"y":-0.047753967344760898,"z":0.01295429840683937,"w":0.9639371037483215},"size":31.001243591308595,"orthographic":true}