{"cameraMode":{"drawMode":0,"name":"Shaded","section":"Shading Mode"},"sceneLighting":false,"audioPlay":false,"sceneViewState":{"showFog":true,"showMaterialUpdate":false,"showSkybox":true,"showFlares":true,"showImageEffects":true,"showParticleSystems":true},"in2DMode":false,"pivot":{"x":-1211.203369140625,"y":13.23056697845459,"z":-647.3802490234375},"rotation":{"x":0.0963357612490654,"y":-0.5283305644989014,"z":0.060492143034935,"w":0.8413843512535095},"size":0.7522822618484497,"orthographic":false}