{"cameraMode":{"drawMode":0,"name":"Shaded","section":"Shading Mode"},"sceneLighting":true,"audioPlay":false,"sceneViewState":{"showFog":true,"showMaterialUpdate":false,"showSkybox":true,"showFlares":true,"showImageEffects":true,"showParticleSystems":true},"in2DMode":false,"pivot":{"x":-1355.2132568359375,"y":31.389190673828126,"z":-194.35227966308595},"rotation":{"x":0.32796791195869448,"y":-0.2931775748729706,"z":0.10784980654716492,"w":0.8915454149246216},"size":14.331094741821289,"orthographic":false}