{"cameraMode":{"drawMode":0,"name":"Shaded","section":"Shading Mode"},"sceneLighting":true,"audioPlay":false,"sceneViewState":{"showFog":true,"showMaterialUpdate":false,"showSkybox":true,"showFlares":true,"showImageEffects":true,"showParticleSystems":true},"in2DMode":false,"pivot":{"x":-1352.0543212890625,"y":-7.561805725097656,"z":-189.3663330078125},"rotation":{"x":0.054942354559898379,"y":0.9443641901016235,"z":-0.20868434011936189,"w":0.2483086735010147},"size":115.3105239868164,"orthographic":false}