{"cameraMode":{"drawMode":0,"name":"Shaded","section":"Shading Mode"},"sceneLighting":true,"audioPlay":false,"sceneViewState":{"showFog":true,"showMaterialUpdate":false,"showSkybox":false,"showFlares":true,"showImageEffects":true,"showParticleSystems":true},"in2DMode":false,"pivot":{"x":-1419.77001953125,"y":59.619998931884769,"z":275.52801513671877},"rotation":{"x":0.12734355032444,"y":-0.04282449185848236,"z":0.005501863081008196,"w":0.9909213185310364},"size":1.2272472381591797,"orthographic":false}