{"cameraMode":{"drawMode":0,"name":"Shaded","section":"Shading Mode"},"sceneLighting":false,"audioPlay":false,"sceneViewState":{"showFog":true,"showMaterialUpdate":false,"showSkybox":true,"showFlares":true,"showImageEffects":true,"showParticleSystems":true},"in2DMode":false,"pivot":{"x":-1422.65185546875,"y":59.408111572265628,"z":307.4054870605469},"rotation":{"x":0.2245911955833435,"y":-0.25518789887428286,"z":0.061069902032613757,"w":0.9384698271751404},"size":37.071739196777347,"orthographic":false}