{"cameraMode":{"drawMode":0,"name":"Shaded","section":"Shading Mode"},"sceneLighting":true,"audioPlay":false,"sceneViewState":{"showFog":true,"showMaterialUpdate":false,"showSkybox":true,"showFlares":true,"showImageEffects":true,"showParticleSystems":true},"in2DMode":false,"pivot":{"x":-979.7174072265625,"y":-123.01217651367188,"z":171.94410705566407},"rotation":{"x":0.1500927060842514,"y":0.37378621101379397,"z":-0.06143404170870781,"w":0.9132273197174072},"size":309.8765563964844,"orthographic":false}