{"cameraMode":{"drawMode":0,"name":"Shaded","section":"Shading Mode"},"sceneLighting":true,"audioPlay":false,"sceneViewState":{"showFog":true,"showMaterialUpdate":false,"showSkybox":true,"showFlares":true,"showImageEffects":true,"showParticleSystems":true},"in2DMode":false,"pivot":{"x":-1416.579345703125,"y":-84.9390869140625,"z":-219.76832580566407},"rotation":{"x":0.27562031149864199,"y":-0.6962280869483948,"z":0.33580276370048525,"w":0.5714614987373352},"size":151.7740478515625,"orthographic":false}