{"cameraMode":{"drawMode":0,"name":"Shaded","section":"Shading Mode"},"sceneLighting":true,"audioPlay":false,"sceneViewState":{"showFog":true,"showMaterialUpdate":false,"showSkybox":true,"showFlares":true,"showImageEffects":true,"showParticleSystems":true},"in2DMode":false,"pivot":{"x":-1075.5107421875,"y":-22.17121124267578,"z":62.96037292480469},"rotation":{"x":0.0786205604672432,"y":0.3732832670211792,"z":-0.031768035143613818,"w":0.9238349795341492},"size":206.8013458251953,"orthographic":false}